<?xml version="1.0" encoding="UTF-8"?>
<project-private xmlns="http://www.netbeans.org/ns/project-private/1">
    <editor-bookmarks xmlns="http://www.netbeans.org/ns/editor-bookmarks/2" lastBookmarkId="0"/>
    <open-files xmlns="http://www.netbeans.org/ns/projectui-open-files/2">
        <group>
            <file>file:/C:/Users/Sam/Documents/DiscoGIT/disco-frc/MiscProjects/DriveVis/src/drivevis/Grid.java</file>
            <file>file:/C:/Users/Sam/Documents/DiscoGIT/disco-frc/MiscProjects/DriveVis/src/drivevis/WPIArcade.java</file>
            <file>file:/C:/Users/Sam/Documents/DiscoGIT/disco-frc/MiscProjects/DriveVis/src/drivevis/RawArcade.java</file>
            <file>file:/C:/Users/Sam/Documents/DiscoGIT/disco-frc/MiscProjects/DriveVis/src/drivevis/Skim.java</file>
            <file>file:/C:/Users/Sam/Documents/DiscoGIT/disco-frc/MiscProjects/DriveVis/src/drivevis/Powers.java</file>
            <file>file:/C:/Users/Sam/Documents/DiscoGIT/disco-frc/MiscProjects/DriveVis/src/drivevis/Square.java</file>
            <file>file:/C:/Users/Sam/Documents/DiscoGIT/disco-frc/MiscProjects/DriveVis/src/drivevis/DriveVis.java</file>
        </group>
    </open-files>
</project-private>
